Administración,"['1IWzU8bmjSklU2eGjaH820vxFDw1mf6fj', '1VYWnQo9kkewWuCFSrK0gKPWK9D1pdCh-', '15vU4-0rEmQ8-CiSG-VWdBP6_hejOOYYG', '1s-YloTKvR_GyuFMLRcSVKLiEdYt4L265', '1VoWgQUu1G_Bd15JXFJ7M-qmBx_2YYTtK', '1sgYi4-R76mCnZO-Ve9PIvlruTYeUGSal', '1wv5EEUsdO11emNFptyfb4yoSsk9ygbUO', '1ZwLky0AU_s-CGWiEa7ZDoFLkj-UJleD4', '15wz7DbtG6glxwW7DZPCu8EyGF4AY2Ww_', '1JkbcQkEr2aA0pWYF14dmFTz4z02VigyQ', '1E1iTULZtkG_1MaK35BkrHnHEVsoA-rS_', '1lpnm2rqaMPZQFgjLkEvH2OXhg1earsEo', '17S_Jgsgo7NSts5InksIKGwuF4MbjhKw4', '1fc6C3bhYQgKG3xdrzwvD3_dRCc_zD3rV', '1SdCkL1_-AKzmy9MChyaXSTMk01XQsWE2', '1F565A2n4htTDih-a3XgomarFhvFJtDsG', '1gMpJcNGXQgQQNMhRN_YtA8YIZvrsVjn0', '1Ejwlz6ioycIB0y1lFjJll12W18Em5xhU', '1w_FhGSJ3SUQZppQ03EsWmXb26gN3lYoc', '1gnipFRkRY2_iVa73L-lFXP6K8mF4YFk1', '1P5T-IJBWuK8RfnNhS9pxquNPSxaatl1N', '1xV0pkJgb94xeRltzCq_eKGfg1UONQ0dq', '1LeJiIf-_YygV3ZRyj-LzghHovNWDQlP-', '1dw54f6z3vXeBDEA5ZAmTr3DWXNe1Qam_', '1Uq6dTGcrSXfFY0hijcno0jPDCg5qm5lN', '1OrjJB586JLqGWZPKIDHmc6JPphC7Vlh8', '1caKzeVXMgro8N1q7B_Zw5EZfY0N5BQ-Q', '1fd6WYJcXMCNNea4tPgIdlf_EYXxPmAFu', '1lj3nBTDR5BkBXr5Kig_ZNV-ZSJ2XRa7G', '1anH8a8kf37Ft45v73QjUby85XjF3EYu5', '1ozetJsKrp8766uT_1Mhv8YEAhoRYrzQr', '1c8UXatua8n_WbO7CNQrxe3csPOxoLE7I', '1YBSFcBPVUfJTxlVhDamhNqQ_npuRR7bp', '1u4SKFvEab4NNG4IPjRglMxpPigpKCWjr', '1nj45AoxwVPJm-YnzqCWiKldy0h_Yt5Xs', '18ZN5HVy0EntOaV0kc9FrUqzD8DwauErk', '1rlOA8CWiLyqCu8SF68Lf7rWeTA5lWVoo', '11CcFmxO-JtAFIacPHG_y5ypoLQNQo5o1', '1QY5qwjiRyn71cYkoNJPQavzog0ooxodh', '1phi2kOegdjwxI2WE9n3PRoZ0GO30XEmh', '1nZDHgXRdhH5VU75r6rjsDN0ahuXfpVKf', '1U3hr0xgpGSVr64wu1t9IlhXjgMhp1DPd', '1FrF1MHITsMg_zbPz9b-7V8aWJgj38Cir', '1UhCtfiD-CgLb05WhPlKJSZLtB9WHyoNv', '17fViMI-TIR-DA3RhwKhUrLl9s0alKhWg', '1JVwX_oKeZ9z-Q_HLq-ARlinf9iE2HlJx', '1zoUOXdn6JfUP_dpzdZjVoS905LJXVmM2', '1j25Q4Hwd6OSl7ArL8KPavIxN02tZ6BWD', '10MFpO_TeGy7rEIgFNWDXaQYWe2wpUVN6', '1vfA6WWOmhBK2rcngchi1RoebiSf0t7CL', '1OuNaGo1khSVkBEoGpOTMIgqauPQmBvX9', '11g58Uw-RZ9v-lhiGHdyGJOjSTx-TrBB_', '1x-i3sPCuPfluvDmyljBRxTlA22-rL6io', '14y9x6Y9c6IIVTap1wUnAwdf5I58xLqJx', '1QPVXUKs2WOApCELMG8HjY3ED4G7cCd5I', '12c9glVq9YfOhp6diVJkUVh868qBMbprk', '1AWMjNYhDFzHy7PVfuMTX4SE5-DErqspn', '1FZUnCVp0sf_cp0gCG0k-38aWm8jWOylb', '1H9icP9GI8qpMxcjSk3fi9XS7SCjCPxYn', '1pnRNQ3dUglsjTJhiLND2DRWBRuWNDlCF', '11-9Q8AdUrfpQXaIRI_3GBM3j5f6VftN7', '1VX1Hm_1a8LOMvRd4zcfxC5PPsBBwzLWn', '1j95yoYa4leFYnOnWq7iV4XRgUaYs7qtD', '1U6pfitamoEym7q9tWsBb6PFutjimUjuh', '1x8XeiTYEulPCuRDoH4s3Cdy8zkuxlee5', '1J4OmIMTFBt8CI9LpLR3dkqcWmIZrfQB8', '1kdbYY7lhadifq0d8gRffrJhIbVPyTsgG', '13ROEpxaj0V6S1YfEjsZ1Am_DU5jgB-iq', '1UOuXM9KuEh9KvrKC-YOsd8W1xdmF8IrC', '18nb-MPULvx7xrIR-pIGABSKzvDIb6xUx', '1pKWJYVZo7XwOc3tjevImTAbcSOfo29lP', '1rWv1VTnWVKag62wrmSD_yX9qZrgnKNoW', '1LanYbGt0bVkXoG5tx87ZFMbruj61lf3R', '1B4MYA3d2R1xq-9V343rGbALtGFOvkDsg', '1hExiHwwE6h7TFtukmlX-nZBFOxunfiwJ', '19CLJ3PFb5mAsh3iIKqcADOPSAEWIiquM', '1uhc7ToR8kRKufNnj7zQiRFjl5LX14kje', '1fev3rwavBxW9jGMAXtopO2esjCZko8uy', '1pWdPDENZhEGHSNVKmJiyOH4Z9FoTpTXd', '1z--L6joSsX_W4M093cvKEcjAn3lqcGsH', '1oG72tczMN21h-5UNZYoyyuMBPSjSkxwz', '1l1sI7vQDoQVTDKMnKNoL15AxiOIUHQ7N', '1zUe_rDpnoty7pTfqIYCEzjoSsLGOLKuW', '1g-STyGXOo1R3nCNYVnIwO99E0-AdQYYK', '1TtWNcAbcpLGOTqFTGghRBMWBQPCvVh98', '1zQZn73V5n_3HkDtyfoQhN7JlO11SHNsR', '1m58I9HIJhX8EuYJq8rEUQiJXihdYwF3c', '14oZc8mIkc2DwxwWim6J2oK8o0giBljZ6', '1o4CNI84xcYFdvxIXyKjbXc5LNq7xvGlz', '1vk_AykF5FEQolorB5bVnNxBxjOsganut', '1OXcZCY0zvDpmpyf4DUFs_s0ozIpeXmcG', '1DiIun-RLNQ_Wtc1SIBm10Q98VXe4t1F5', '17Cdi_X2MboD0Fce1Na1s_5HegPI9dMX_', '19Fh_r3d-JXFXWAG1FCiKYRP7q1HImg8M', '1lKB9rK624QD9oTmWQFiLlt4O_Z8NdX1u', '1OV3xjCtNHO1Pj1VPTmrfYjkJ4W8vIrWM', '1NszhQjULuzPldHkMW5IeJDFxfnWFHw9H', '1s2M7ZUTTTu0K2_6SWwV3hYilKYWCuO89', '1FxcS1sXJ64EaVXCmpct9S1gFybx2XjV1', '1bOrjU6WItVlgbaSWkT-iC9SW4jdwOvpq', '1nC9TI-wcTPQUdwI47DpYrOSNXboTo5sX', '1D-vyAV05nrwK_SzMuETqqH0OYtQ14PcO', '1_vXE9Pey-_y9eQgHq654H9tdYXe6qfm5', '1BBeaHEJolvXkG2UD-3UnHMS2ez1ON56x', '1ib25v2Qu2OxbyCK49HViXLJPmQ4uFBzk', '13TiaAEnErj7OTzDMrkt33Hp9D1YjyUry', '1b7p2bopk4jCdPgCXqvzxIaZD_x22-LjS', '1SD5tuOKNoamKYVWQ3JOyuyaiSHn4HWnH', '1q_mB0A91QJwRjwcKgAI5-G3Revg_iS3N', '1eG9DNOEzKFnbs4Huo0MLh_SwXEt9DzGc', '1aHVf-3TTx4ePw6TDR3OHOqLgkkjnAHLM']"
Directores y Administración,"['1qbbJlkL3rWu9N72wK4qrLlBjwOKsp9Cm', '1lenHMYHKGLcF35KHmrtBPMcrskbpoLvk', '1-DZXI0sRm0mCpV18wniR5bri449fEolD', '1iu1cS8yVkutd9w_q06ZGTQ-rcC9uqaFl', '1eoV8oijb5IdEd0BXmu-9GDTq21H2FRBx', '1DJolDkESpsxs9sCJZ8qv1HqdpfrtYN3G', '1aoAJeYUqESoGBK6qwPQFFhuSAHeXOkzT', '1Huxuj_VjnFqR1690HT33tpCrNzsMdF-n', '1sSkAOynSCnyav2fRRUuw7TgH5e2m4noA', '1gVFZeR-B1ub5ek0wbWBs65uN_mREEjiL', '1Q-uQD6RSf1GKb5DqfvAkrmjGRVhgZ4qW', '1zl0ARPvEUgtACX3nkHg8wF0Bjoq750mz', '1e-vlyxpjT1TMDZTyAfiwCrP65KlTjSkq', '1PqEjvgPg0D_CmOvxO9pnRHz3PnGZTlwn', '17PqsICTEG2zLx2l7lEzEQDsrn3mryZa2', '1q9e7oUhBUdIAy60_SHMV69LvwQCrdC3S', '1kQj5TEo8qvD5mF-Imk78N4qrF-H0dZ0T', '1H7mJGieJtw_rDQdSUCor6aV_1wllEJZK', '17pd-yLKjGPMpN-1QyClcZWsLtobOr8EL', '1vGcdvEBwXv70qNi-pHrHJXLdOawJ1Rx9', '1MPrJIUKMeef2gZqbOKdVvtcFumoIUQgo', '1q_5dTJ0EcEEJDU21EZCHllpvJBN9cS0f', '1vDH_ck9l76XUp3fmMmmyLbgAVD954f7p', '1IZn-5IxWPbaTvPmAikvyXmQVt83NQwre', '1CgqnB-o3ponDHM3mraqu9GDV7lnLpVYl', '1jwwzXMGmYvkoP1JUBG5Yy4nhDMFTcq6K', '1vvdTFPoAy3e-wAysp5l3XRTY7EaRE2qS', '1dFgJZl3xeplU57Xhe-ssRJJBMMid5ncy', '1bEMxPw4sax85OfVYrZtaeZDedCAWTJ-5', '1xZWDpbn5REbA9cSbI1MJAYCKoJYrhUh8', '1DBQpJIw8W4bLpbS-vomEKzhNFNbJRMfj', '1JgoYgI11KKeCIWoT0bt4219kXaF6xwbN', '17g48QPUrGST1AhNpZ9UMiEZ3vaeuz_QZ', '1acZbrWl_dFcjtZxbXg8sknaaEbEfMHw2', '1-GZrB55GvHhxF9rU44nD4W3Cm9US0mrC', '1UE2hAchv42GbfX8qOwIMVdKEXYWn-Gkp', '1NgbYV71Z1qWtJPAZMGxY-DYY4DSHZHam', '1YQFjeDdf8hnL8GRWSvZ7Jgi78NTXu5sZ', '1B9lBrTqGRY1k_3cBrjy_yI4eaTp7Rh6d', '1gbP3wJ8F3byLZSnxNBymFtyh8d9iss17', '1F5MLHSaL0-0FGF9YgOt2L_7hHnJROLkf', '1wfYAPDdUwpO5QRNLUSeS2rVfcfYB98ON', '1Bp5DkhMEAdNX62lJcFpbtI5gOrYhg8dc', '1yjHLt7QQkhW7kXXCymGUZTElVb2Rvswj', '1t1qE8H-YmJLLjDoJN50DMERXlGUl9ut8', '1SWg7Jqd6--eLrzZgVNPuQmLXN6ju0WAt', '1whriYkbOEvCoShK9VVP5Tg54g0TU81L5', '1XPGOxdxR8fAPYM52kCy4XSoKselhyYs6', '1L0ifw6lxM4eTwkVvc4pV-XQSc9ImIAeb', '1d77ZE0Hs6WWJgkH968zkZqrTnebOGqeN', '1eMweA8NNtGzPNH4auTi8BBZ4TyfDHF_M', '1S7ukazcwYH8EwL8ntc5SZcHE9orar9se', '1KpnxcHN5ASENg3qfgkbWZX5Jc80Ah4pb', '1Z2XahZEE7shm4iGTvNbUg4TE_AHBRGbc', '17I7JzBtjn2uvVMQjM4A8jwNzyFVdWwf8', '1g5djmkAGbZmaI2E14D1X0pR3uNOCr6fX', '1Bg2nURKpBb70kU8ebRppm29D4w08b-EU', '1ByzgizfpC3EGNOtoKRWpU23DdQVdb26C', '1GBb2ozF8nevpwIHoT7WTWI2WHH5xnaax', '1qHWbj4Lule5gsgC575DHo0lWp1sEojRd', '1WoQKjXNyvub-fMDIwhTpoOEAx-S8dVCD', '1mrKoXIjZ9ef77q5IpTLeFKR1bO4MtoBq', '1nVbGTAK7Z-Lhe4j2suWAkyGLQL-I_2xt', '1XPg3_vsvAC52rAqY3jkQggrwBeY_Ulkm', '16NLCO7V_92DVS1F2PgktVG2i_9PqhSvd', '1ckNJoI9D5a1cf5YSwFUHoGXdgwHiLqpo', '1Uwr5Q92FxfjCRS7GkEd1BXOvHSDljz4D', '1iw2bqr6HxHgk9X68ZtuAcbw5K-hUSmyl', '1nyFyEQVbQXDZ4HEFlRtoRShIfNJEw5sT', '1PtW7bq5uBsdZyX3nFfJBGmDrU5WIF2Dx', '1snqGk90xiuvb_NZtHxFTu__O71mo_A9O', '16cSVyJ0Iq5HsBG3mU0gNCVvwZv3YT0KT', '1PtepATwQlbosvZ46bpbAEw1r6RkJFwIw', '17VmScw2Uzw8Qjfh_tZJOaB6V1O-HJ8bq', '1aYJ-W8qMct4M8124NOXKVQhE7e4nhA6R', '1oGdRAcg1fkogRKKowjR3fVHPBEeF2-LR', '1SYPZfQQt5duxnx3sraaPZNnnqm-I7xov', '1E1pILDM-QwJWAPiRNaC4GpbiMP97qsu6', '1fgZ8SLt1XJICz9fxhhvNksoE5XcDySWV', '1wVH7BPVrOGUhd5U-uiPk46ArHfWtTgMP', '1E8QslgSqQRxHzltCd3bYzxVk9B0YoTKl', '1bYhtw-XZEDPjVuZFaon2jFUxE1HmVNy7', '1PET3drMHUx1EGcVm-axb3aHTX6RutJLM', '1Jx38BSpEdiJtLnKvs_bmpcOc3gPv72Qx', '1JrtYIBGL61tw0y45jgMWETy0YC2sbkLk', '13wD5qs5zaBdfEZEQ1QEHyH-hvV-mjeGO', '1W2VabbXRSULYZAQr5cEcRuFljmy9bSYx', '1mV3jkmgfSSDAwpcYy9f4B3YhDcsFys2K', '1ayT95QHe89qAjg8A8CbU5JaF8zNCIudF', '11JMHTGVmJ3Z7TQKaPKrEkiYLpmwBRprM', '1AxW1K-v0Aoh_CXf-d5wlH4Gw8wtDll7N', '1meqlrCu0kLLooYwyH_M0M57oGZ5oywnA', '1toyHadNbabO5xzB0-sZ2hVZk8MOBPRrM', '1gHrT2_2NhPjOioYj_7Deubuu9AQmnDMQ', '1-QI67tjzSs8oq-QDd_TcUj2lBbc9vzLC', '1-iW_7ziRsWAoE0CQpf2__GptmCPGi0Za', '16YJzzRv_qGqvUzxxREYCXX7Uo-QqAbYZ', '1GkYwzO2msOb9fqT4ZSQrFp-SjQNSiPsL', '18HfNHduD9b6Ql_I2WpQhjhgDm_nPqTQq', '1b8i6BA5EUYKNztizT2M2QUEo_l5thutB', '1fOsAcVqMR_rYijTgyWgG0gpx6tS-gxzf', '1eq_aUDw4QnxLftyMkBThfCQeuYpFJyeo', '1AxHKn0h5rWR6MOsNAGc511V5j-oCPdVF', '1FrnctGwzjQw6HkHR4Jc8cSSPwNtQZZEr', '1c62UNZ-z4Q8pSisI7d-R3xaIfcPHS2uR', '1h1SOKHdh8KTbBgupWNUZjd6N92CNJzyT', '1SornjrR7oceSTlgf10iSWTBQrKAQeTTK', '1JYjef9DuUG9W5BdnR_D2M-pqUrcf5r1C', '15QM5REx3cAgpEHT-gGHDkvHPaDTz78ts', '1_dcB0EafGmr-eiAz3qeLlAntQFlDj4JH', '1A_gWuiYChKtZjC78IAFL6uEp7HsR0csM', '19O9HzF2XpB6DQAMOcvSoPOXGWKzw98vU', '1kApDjBZIro-Kv8fkhZjJ9xkObibl1zBl', '1B6zg4g2nfo02XLOuqymkkTZq2u23Wa9I', '1GmtNw6tU1KlJpdlJyinzVx_mZpaJBacZ', '1PD8oqFVfqBqNXFhIF92Hi0l810j1Ugez', '1bmpyph8gWAwFD6fwRSH5b1UQagDSdKSn', '1yj0NlH2UrEGq4MSFBfvvsrPC0MxrXTtO', '1OFoltnxHW10BeZWot28gB0Rbo9g7ckVN', '16-ATa_4PhjJnGI2mFoV8bVfYCfh2qmJF', '1xQdZAZcv5DGqxkfg2aa-RNdBlHfbADga', '18ivaxY5nF9hxg1nQRVRCNM6eHP6C7lba']"
Directores Generales y Administración,"['1dJUv6fgPhZgT81_TR9FALL3C-GtVycem', '1XgiwBO1MeDF-YIxlnS3zoGmXsvmtj8xO', '1jLOCRm3jX_ww6JXQi0F9Gf6xCv4GUDH4', '1UD1s7c0I-V67fmoR7-HAboUzC0jtMFAk', '1jsAZkM7kSc5G9t8V7pXZE-3CJumstn2s', '1fjUOerrP28pyxVqb9zQfhA-6WH3rIztZ', '1FVWm7gMHr01K2zHRDw6hq8Qt49sx0On9', '1RXilT7YNt7b6CMet0uJrf1Fdk4xARQ9P', '1ggJHFqbBSwYYIbBRIDcEds0_fQyK61oW', '1V9HC7nddL3L3FF94ebrPiks9Y-UyBUNT', '1Ea47VMBQbbtv0AV58fR_Yb1aIH3GNJ46', '1yNkXLja0GOB9C5dHfERnBrbZMqCMyS1m', '1q4GMfSEs2OFG35WG1xtFyTfTCIAtOilJ', '1O-f-GaybQ7DyhBRFxRA0alK-S_nrQkSp', '11GKaTzc8A2Jn_dN5A395FaxDlWX_NLlw', '1WqFnewPA4hui8XTJlt6uI94UPxcM_0ud', '1zvxgU0O0zlwYygpx7ZevUkSMdsL8qnTW', '1YKbpf6v31sy0yDgFCR4GNpYRtf7HudBw', '1H1JW_GhTqOen8XUNmWlI2rUHQRDaMAfU', '1TnHNbJDg3pRKcDfAYEmms7iGtRf2FEEh', '1mKoGpUad7kiUAghteB7LkeisFbzZ5Ikl', '1sxBMyu9hUGRO1tvNd1ND5yQ2h3YQsdhu', '1GcQjQjxXhGA1MDl4_jevSUleWdYeyIEP', '1m7YEDmapohUG8bOB1L_5QSOP38XKCqsJ', '1Ro7uzV4bWcgoDFL7bHB262Z6xBztBoFM', '1z2sH4AHZsgphxVdfnYGNIgr0RUwpzbpJ', '1Pij1vu_m5J2J6hOfY-mSsx7mzGqeDrSF', '1-r7ScDB9qXVmU-o9t333nosgct1Kd0mn', '1Vr6sS2NsCzvNBl8FRwwpnC-cCGjVz1eb', '1mcf8WU7E1RoOEr9wpLBiEtPJB-c_oQic', '1cXHdS9FBG5y5hch4VIllyhLIzK4Eu-FG', '13gmnICaFUeDZao3Pznc4PQp1MuyYomXK', '1f1rY1arcmrSLGJvlw5JLH_EuR5QBteik', '1ueVkosFm44jB0iK17qM5GnpbgiQnOkO3', '1k1BHvYinZk7Qm5teBnP6kvqIBJ5BimNM', '1bUo0fvqoOqBzQtJyd_Nr0EX_4YmkouST', '1w-0czaxuSqznZpWBoQvpow8gJzxEKhZG', '1RBB9TM9AvxxtguFv9TTnz93QrgfKzYme', '1u72-mlpxe27RmPkBstfZ3QQk5Vn9k7-E', '1yAp_GAt-2X30Vf3haUgNBhj60xxWSzmT', '1NihPSYPaIhCJa0q-EfSVOYNL1f_xIsKf', '1ZN4pBRhGrf4zmGBMfgUQkHuZyzgqYk7z', '1UzcD0NFUwGT-rth5GZ4clJMr6cw0qUbP', '14OOyIrFqpo8ZrP-blsTfchUvnS3V3JOW', '1P72AfELLrWJ18IA5cQSngtsE8wSrd2n-', '1FUspUsa0NRIfAQWjM6yeG1OAdOyj6qxE', '18mEj1FrjIGCXY2r0MEDZaxKLXdNKyW3R', '1JnmIuS3j0m-xF4lDVa6b7p-u4AKPR0vB', '1SSsllv0i6JeGfA3DKNHi4yRt3Jtn2zGl', '1KWwkVkMLAh3MvrARwk1EbzJ_1ZnemcC7', '14BA64UBQ873aF2qSxElTpTL0xThrGxCa', '1C_YFrLtRIEDkJ79cEhxDgeiCAesdU8BX', '15bWQJBYvFRvW0KECjhFOFQ0Oppy9F13h', '1DYJmprJzdxxR775kMwvVYtB1LT9iTlKM', '1sb66y_xD9ej36vFaYvdg1PxfpitnT9TF', '1yKEkyLQPE6K8qO8YBGzsgUaGXf7W1Gt_', '1sOIPuHGYYHHnunmXthxQiMdLbopXQf1y', '1nIpLkpSjkZA-3AGnTAC5Tq1V92FE0txL', '1YXrBw40RuGcBwOFNsw7WbKjvLGTsPbYz', '1ZMj5uOyXcWHbnOPeeiCBVberB7mUmfWP', '18Kx0lceQdlmak9Wn8pC6YU5XWWQQrL9e', '1z5CLHwrLkCr9Hb_k_QBWVFIVRObiNqRh', '1coe9Kro1gulbYeozDR-rr3kRJ4QEhnH1', '1MrW2WNejXT_dgNqCRkFnU-7XWHyGdVNM', '1ar9hheToVPWT9KREHydMhgAuZLI76_IX', '1Job0N4NB_E7z_TDePCV7URVkd6kL13-X', '1UKoXPB3PynsKHxJZpiJy7_zJdHa4WB0S', '13lKPEXM62ntH-m8N1AWgXQyb0_73FvvK', '1hi3JQbiAbzSWahYpEjCOGpZlz4E3HK-b', '10XzM4G4-R-84Qk54LCFa23jRXSyCPOR_', '18nSQb_AqyYTGR3BywRM97uJvWWhxY6xa', '16Dumb2xINgCNbh59-SmIGbRJ3wFjgB8q', '1OzsHEBGhZOP1KKxber_h6UKn5KvLgcyK', '19ia4oY-1P6X-fUM0x1sVRJ8HBDBoim_f', '1DDcIB5xc2onEML-7sxL539VZb_KPcuDh', '16luL_D4UqTjNq3qnxv46iHk-99hGIBMc', '1-TqicVzu5xQSjSIgILx_oF6ekrWGNQk4', '1vZm1TSCHrsX6JqoBgx8iJiIKNdJD7moP', '1c7fsU2iHWOX2zNCaxBQJgCiADwKsq-iT', '1kNv2Usxm20GNHv5L4KgLf0epbiiDUC56', '1JSPS62ne74l3LYwG8gvfsRuY9Z3f014q', '17fTmj0xMlEh6NvdCXRgCc4YV9RZLdnGC', '1BSZgT1LyQAaHW_YDHn6GDWt5rgNJG3ml', '1KMgZ56ld0AcWQx2K9XmHx74Vamx1svwb', '1JwbWEOWq3VeEI9RLdRGkhthNN3q2SzHO', '1TH96dmFYBBplAxNy_tOR6SkLhPMAGXhS', '1AXmv0AASb0969PkFV8PhKHJHHHZtbmqW', '1KSHaHTurNfkuhAoxBlE41JDeEcGRTkM0', '1Xxqdbh6BWnPvHVLFjsBmYSjA1lwV7VaP', '1dFgaJ_bIgn1lkKVzGHoFPar852RR5eA7', '1AZiTtaSUBILd2QasdeAv-XK89uoPr0zR', '1Onm4a7_YdV8bmh48vf9vbIByli-KJhjh', '1Jx3gGvJzG0CWoRb08Gy0y5fJtcHFvknO', '1LCK0IFswp4mv4jbWe4WtDVROJFcAQzKe', '1vCk5mZEF_Kfzo-d3GBH28sbCczkiwncl', '1_hlZu5ZN6--GWQxVZfavdUiV8EHOYoUR', '1RHfwQOUKL9sOKhrxJgJasNhIjvQevj6F', '1qyM5z30ZnENyyVrvOHR71Gb_3Exwts5-', '1DWeB8ipfgGfqx9ZoaIL5LemDOcRxjwQV', '1D8Yhe2rG_L2zcdJ_v9hiOS30NRiR75p2', '1jX-pPa6PUtUQIA7NBz1rryIvQPmBx7FB', '1dSX9dm0_cCWzfYlrfsiCMqbQkaYobN2t', '1Y7lqTv6U-FxoSu75ZnIb40AEG9js9Iiw', '11XhmKZGFXdmxtTKS0OSmfbv1gwx86Clp', '1se-qd9zv_Si9iDdatVrZgdhukjY2nF7U', '1bw9vpHfs59gUxNkarFue3iTTgLnrHHu5', '14FZbkXdEN_jNYOhuiGBS58cM-nVNMCo-', '1qD00w7DzPC6PHbvr9BQWB1T3qqYNAcNh', '11cc6W1W2aAojTcLaMNs0G5yEXkAWsR2j', '1HrZHcbSAwerRu0jhYgFW7sHr5sc4Ydiq', '1BilmtYsIsJsKij0FFNjPJszXf8DIl1Q3', '1z_OIhp1bnPNddJgU6fEKF5khw1B1sC4u', '1ccl0p-ZA_DNP8mo2DjDO_4i3Irs4qo7P', '17W2P7iMVyb4DFx17BH0ryF3jcvID_Ze_', '1IsNeIC3vON39XFFrwc7VLeS686qfBcFf', '1COpVinWO3LXubWlSu-jmhXuyV6OZ9oCX', '1cCPnRuOTRIYVe40uwWrN9xYjAWi4qDKS']"
Directores y Dirección Administrativa,"['1SJLkK9fkJefUNld9hAwVuBzBh8MSNB7U', '1HVcUoT7UHYf_Czrv8XzUyAsEUzQTnOXR', '11np--KSxWcx1iZTmerJAzD5sTkuUURnJ', '1b8JEbll4Yq2Ut5g46sxZyUt6PD4bfU4a', '1CK6xsKnTBzySKoqMNJ8kLGSpIcq8Z5of', '1qC6vqNVyoFYsVGVWzkWPNXCgNGOtd8NW', '1gIEJ2edSbdeCQzPaccAkDn6Qbmuzg3db', '16CbRf3_zP-dN9-ts42g9XqUKgaUNkxjd', '16-fI-yfI0i-WgwkIYVfDIk-TrHv_T_Vx', '1omxQWxv6w9IxMnClPNRs54YK1ScVXmUO', '1aiYqelPAqMR6P-gcSHPAX5FmcO6kQJaX', '1UpJYws7u1KFgOVfE8v_aYqELXZNs4lRW', '1fexnpGMVfSM50NpH7HHGVyeAXdCwOPya', '1z5pYKhizPg85ZPishfoPT_yAqeqR1oXF', '1Da45gm2dGzVS9mbRKyiJf87uoLFinlcV', '1r-vAj3FtkJynU2PDsnSzugHIlDEbrr1j', '1Ae4pYuBXzaC6rLjMU7s1MJ0QyJtFK6ns', '16JYRAlnm1oVPDRSYFXuswHM3b7GvcJib', '1LGZEkIHo6Jn4cZOJGJU2IUBdITtTgdmn', '1tJ5IR1nrgxg3-YCkhB7Q6IR6iYNYicrc', '1eZEo4pzyzgWJd01Sftj35d66QglhGdH5', '19dtMYwCth6qwGs-qVcpiclqhgeTnvqdA', '1RWn1LwrWrVLIPgpdUxm_5Cpxr7hB3o8d', '1MEYtxM-DJ6gVYSeF3sFzzF4KmgPBRko1', '1LcGE4m1hu1izRI3f_KC0nA_tLP899piQ', '1wBN6z-FLruTRFqVfzpQwADgCW-3JNPMg', '1-b3DUm9Z3aTBUPU1-d3vhCWOj2MlVTrr', '1HHRW_5dZXz5ycXT0dUss3tUkjHgxx1Rd', '1SKZ9FP3mViWD6M-C9U5dfo3mWYFJbcg8', '1Myq3LJ9DrPOa-O0Lvi7vo6HUQM5K7fRy', '1twCsVoE03t6Mla5CD9oW7800r3EJQ8PF', '1kAjEe6F4GHoGg0EEbu0EgCuR5vwrqSmM', '10pJ3MJ44ghRIWhwqbW5GfkBR6e16wZd5', '1Scmbw1KiHNnjneDCzVr-L3gWRXbroseB', '1aa3ifBnLGcO8fzwxGcdea6kJJXGsBlyC', '1RA_ssu57q2l7qOvupWy31AGLyBZqoSIh', '19jqVp4a3nY9pTxTK2g6urdaXm-tnY4NS', '1NwstU0wYZiff6NQVyyQz8j7pnIBxSiWR', '1n6_sHRquzPR8Zjwl9LGULpExdg0Ro9tr', '1GZLwgXk3BvWAjSd8iCOMGE0bmlHp_ZEd', '1tFKnSbXKJYk0BxmXWJT7sWtTP5ciTPG5', '1v65EhvMJ_JuJFvhvFIFS88a12nywvwKp', '1zfAIyHRrHPkoRmLLgOcVolbSgGiaxeb_', '18nZMf5vYoAbYm7qLG7bRI1WQ6D6skofJ', '1RLauu1BxeTR7aoMIhhmsWqEYRFVKEtPB', '1UMraOkTZpPU-guBvvzQL8xSbvG_nzj9Q', '1QYh0VM_zhZ1oZJq0POZ7Kv4mkF5x0peL', '1FkU4Q3kCG_fm0gv7pY44fXy7pzzXJTRD', '1YcEo-JQbaOvL1h4860YQRrvr8h7aS_TQ', '1QSrbuoQyJm00NsxpKGRbwPpAweMGxE9Q', '1cxotE9oZ1U-aVaKODha-IPsGVBBupT6Q', '1fpcAMNxBdt4Fe3JMZKNLYkjK_a6xQhqg', '1Hb3Ht2T59E2Uj0H9sSDAiGJpHr3yIOUl', '1E35qCBNYvzTPTIS80aPpWjStme0dZohE', '1lzNA2x15vMAGMLqrIrTKD2SxFQs8HugG', '17ym9IW9ArFCkATVCnLDF8h0NWblZk9Ff', '1uNkveIB1x1BbtiASRmy5JwfIRw-YVG20', '1TqIidyxhVdIs4ODJw_QIFHLK_l3rP63V', '1PEAsVIIFvCIXEjro9KYUaGXbuXhOScgL', '1sU2y9_DTxID-alVGnA4dAE90hJXar2VC', '1uk-lT9f6oFut17a5bjOT9nroRQPa8vnb', '1qWmCArTDQl3U9cEhG05WTWM2EEpMwaUK', '1AP5j-Do8DRwVi7b-7JSPSyutQmaRE1Zk', '12YqrNxIRkVvIbvT4qYarKjgmillH5g0U', '1NMALyds2mqwzaRcBlHWjKPdSloIERmHS', '1Fl6witKog9euRz5LXC7XuIKdaLu_aS4-', '1IQi_KDdrUaolvhIM1pMcW4W1QuLWX6W7', '1oIrDGFP7lFB4QvIZ7wyj0pcR7wf1uAPo', '1DvSilUawIFLVQM2mJ3RDrMDHFOfQdNzA', '1_Tu5dCr7VuaON4Ti2B6V0u0znUOuxGKB', '1HpcbuK9xMXUBk1We1rdznbrHciaFhcBF', '1phzSP73nwcP7cN-EAnZmTO6yZGNrnrk3', '1Wk-ivXWlzTn7pHuOia6AXBr4cNut3jam', '1-IrL1a3A0QT0RPz3d3cEoxHNM3GMTba1', '1AUmS36F9yfr6eAc6fw9ebM44hdKnNP9v', '1Wdxs-kHFxrLfEWAqGONxVzKfpy_fgPqc', '1BEaME9ht6hkaO4kTheZDfkytQqh2yvcZ', '1VsVsiOp-OFT5koHS-zP5FnTAlhFg03gW', '14DjVwLkTeOk07YQ-tufBFAd4BBm0-YKI', '1EnHSKHtk7Eqt3jDl_U1zTVUkdSCz7-pC', '1J1PmtwpYAN5Fjvu3dJ-Buv20x4U22BFg', '1nlX8VDRhbyVxBPvxHzRGQT1l3Oh-NoaA', '1DlsnTmW9QjzX9aGM97pncOUyb5Vnz4Kh', '1DD5uJwD-KyE4phv3BvOwd71gfcE9cf8Z', '16jAabFbPB_T-66ipzXrRe9hkv6WrUFe4', '1a7lJ48NYYjz2qdT_QwBV4WPg0cXnH6UU', '1ek1vd-r3jQsMCmrzHWzbrMOUvBnaUZtV', '1wL6lbPK6Bncfx3qeW_AIu8GtrAs2I2IN', '1YlISppB6jIj2i3BGxckohAaEGD-9bNw_', '1hTHMcDEkyBAGugUK6e5MnUkW3MqO01Es', '1pMJEXwuRgGZ2XfRGAr8Ul3JahJDms8QE', '1a867PYhGA-cqqbabRjxILSTR06fwiYRS', '1AeIbkkuawDyyEENYlFJAaE4NMhvtMdhi', '1YSJQIn1VCdG5v-o9a22JRQjLiF5zqWhP', '1oGcky3qLPgVLhkWoWv88M19JN1bcKe1x', '17tn-egUAuUWADlQmPqlyrXUcVcVNJOOy', '14PQEIIwHO8FdPo1ZedOHeMM_UjNxj1fU', '1HizAcgPUR06evWwEoUCfiCY-hWoPld-U', '1p6Zu55jNyfKBIyJqxnbhOmpiEYGXnMAp', '1XbTOS9QUrIXxNo6-CdLbsYnZKkSujQWJ', '1QzUFUH1olbwlrL-V3f_CASf-wvvYZ4C8', '1Q7Jnf8I_CGLFyxGb0bZ2wADXtoVeOLA6', '1epupiw_Np9Z-bVt0po8WQSrXzmb1dkNT', '1nnAlPqJ8eQdGiiP_QEEkTTFgR_bwjZWP', '1K3m2mRpHo1RHgkeEL2_jAw9ZBFIdww1I', '16I_hUMaJ2wmWjzznL82O9bFEiNBc3rJf', '1qihCZQNJXXU9twmPWp-MrEyJysy9Z31v', '1KkdVZfHHCiS0rTXtZVzXQhTFRxTeLa12', '1qah5i-a07SSSb3IEsiGXo0swQhFbj-GY', '1aShVpg6cPDS7HBBaDrSoGiTSZGnvs39K', '1zZxLaaqTrh2WwEnfZNOLSZ2Lw66Dr4pJ', '12gtUKcK74Xpz70TA4kmlUhUqBB8R4a5i', '1yz75VjpNUeRgkJdqa35csxfqikfGmZkq', '1uKx2E5fMgdcZ3xF7ASp3K6URpSmPNbwD', '11qV-OPhMJJDfVoNN7Iw0zhDQJ6w_fpvK', '1lQfWPcEjbHAOG-sTjJFylFzIvHEZI3LE', '1dgNOcco3Ke8qXaYksowu4kMuwJEeJIbh', '1h7RxpHOEMsxpKPSyh--yq3GY_PxaTv1m', '1eSxPc_-AVQNOnKvScbzusFX3dMhMng6L', '1umItskmJR_aXLJHQLk7TqDSkKlfvdfYp', '1-heJD0ryPKLLFlX81AwYIdwaRDRxTraf', '17sjNlWnS78tQ_czWMyi2T9fqFLfL_A8S', '1GG6hGbUzhRkDU3Oedwjzzl2FfyZuUpCe', '1riz9RtMGMWGZkM8UtquK_gkQ6pIPbGR3', '1Oj5wwYNouo_khrkkzcBnXKKSU4PQsLur', '1GE3225c9WRl5NhIWlocu30cEZOsejTR6', '1VKZr3XjQzpEJsG_wzvV6sYChX_rY3IHH', '1SBYnBZ8-PMnMpzGDgxpA9ivNbT1-62Dk']"
Todo Quantil,"['1pt7YX6YV09wiAg_oB6QNvJ3wrFhZcyQw', '1Pr49mZbJEhkeYGphdJLLPzX701y-HDca', '1AmpHFe3dUKkzvCe5nNadrDDHL_cZEsCd', '11x7j4EgMSTA0MgZsLGaSg0jqxGEAfRxG', '1-BqXBBhsXgpQpVvxaOLDp9tTr9Kvz6k_', '1tRZ3T-J2WphEHqv5oglweT5N5pPUj3Yk', '1057pZ-Ux5RhF4Uwi7zd1OR7avdPnsh2A', '1Cvd_RCjzuf0cC2oTBDN-4AbgKY2HgkUH', '1mnG091kGh4MwznbCIxhyxUqcJo0mm47M', '1k8mrlaGqsIZlfkrkeoz5F0AdkC903bOp', '1KXxttKrNu-8UEe_VGty5xrWSxJcFLeac', '1IIalXqONjECaTH04WlIDfdzvHojDhi6i', '1oX6Y1Fh5EO6VzH6rAYaNB6CS5Ci8NgjS', '1Npo_KddC1ofpOkNQIJ5Ivrs-doJHfvlv', '1eC9KXcfTwLtG-yC5RzhHrSahETS89486', '15w-wOevVQFN6aIgAllXo_-cswh_Fwvml', '1pvP2szHXdrdSpinJCNvWnrS32KP_-hNM', '1ou54s476FWla03WS2mt8BgIkJEltBB4R', '1tW72U6YCqoXZBX6V6w7gAPivKJH_Jgsh', '1SHe47xvbFwKsA4zG2gb1xynDG9r1wt4A', '1byjeShtdAhuPRveFzdbmhw1akXOmKW5m', '1oQvjfOG1J91HG4Lpr6bvOO5Q5gAkltt2', '1L78gB7PdZnaBasPOiN6sHM4qZ0iqlcPu', '1NqRIHpJ03mkkn6uiTIPMOkQsHCywDlIZ', '1WhhTlDr49A0aJHbFjHSiBHW8jqj2UFY8', '1lcBMQw_ygmwKBrGmQ1SKjlEmE20VBU3W', '1-XwpLj1Zh1On-Iix6Vm9mvi93cyPBA7L', '1f4K9r_BVmzFqnwO5uKmJn6fxzU-_VLVk', '1fNXqubnCWE35iZ58IvkLOb3nHL9Q38x_', '1b7K215JbxfeuQHbHOyZLQK-7Kt6XfYkz', '15O_Do3HTJ6ZlB3Zl8Qa9ZckFjFEssLBl', '1r1soXgbXnbE7wo9YU5gpDj3QPRKA85Fb', '1KrOrJiXIhTt-M_ICiQdkv_0U1oboewGi', '1KPCOJQtmz3peK_PoJ3ojBwYoz7NqTY6H', '17362B20pAgYazBVEPW1UznTm2ZxdCMAp', '10bLKVL-UlZpRHiED-vdDvtfuldJHQkq3', '18rV9Qj1eN7rot2IU7kKi1wiqRCtvwdGj', '1pTNNJPuq6jPIPgApLMqgHbKuJqvAMAgD', '1onBTWCHF8aYsQizvMeB9vGXlpOknrUiX', '1XDwdgG6Gs4CeeXn-zrpEYh0mMEv9n7wk', '1qfVf61kRSHhvoePbHRlz2oe2KLDtrwfu', '1cL4eX3nZTR1elTD2hYWnxDVGE77Vplfu', '1kRYDJLPMuRqy9uGOtbyGyhNDTxcM9f05', '1vhbi24sFzULpTOSbL8meMPvu4gWSNNJq', '1aJuZkgDZbDxjCTOpsaweqpnGd5Ig3Z8v', '1x6QQgKcg393D3z_uuHYKEiVZ1mi-WSHH', '1BQvgVwBdqFSLjHIRnjORBsR5ZD1GTi2q', '1Tduzh9VbNibuT5RGqbfyZnYAEJn-Hbv8', '19fWLN9L-OWENRL1X_TtNat9KtGR1Iba7', '1vm9ljqqKYk73AZKxUolfHwELyLPn0GI-', '1AO-cQU8sr75Tr9whOwf41DcyzB6LsV_g', '1kQyWT_qqux18K02rl4-XS035Kv6kfujI', '1A9jOs8oxJTLxi0WLklJ4pKHK4iVOAN08', '1ZILiBVvjfuDMua2bVANswp4-wceI1ZE5', '1iWj42a_NjwQG4rHpsEBKnrgmDmtijfd7', '1bloKxsZsfDgZNEkzLaE9BVffTIJU9djp', '1atRiqceirYZKdnACuiwzZXCaJbM2R-mo', '1UxOpvg_g-qOtbLm0w8Wp_SJ5Bcog-22W', '1cB2alFddCcdinN4IZZxS_BWtjPb_KCw6', '1o93FzpP0WW60aX05mdKAXWWgFue_beiI', '1npobFSaN0wKN2W1uN7w4RmWtlN3bVibV', '1nmB8Ll23yOQi1XGw2QhcdxWhRlQQ6Whu', '1TS4yjXCaKDcbVfLnI6tqPIDf2BNpsB8l', '10ze8rxjD2xEXcp3rBJFt1zmfCbL_k4k5', '1zzfCJj2l6d_xfyalyaECPVD9SqIKmwQ_', '1R7qFDGaUS7x1vONDgGMsxLMPIZI3mVka', '1eNqGHkzw6bgMNerY1OxO9g193hQtMS5O', '1TUrdx-8vKzl7Du_5qKXrwwxtSbwrZ69w', '1kkhPPn6hvRvnNLWkYwsRmGqHJANUU3Zm', '1vY7CrVu1L7gGv8ndzn4A-lWfra1SRoqa', '13zoBSyUwuOf0Acl5RqHYVlvSQ9xXCQlw', '144w8sEGDySHcOyMCxgHETUqUtexyiMQe', '19TOfsLNnO1LrUbMwarxycpBqm5B6AVcZ', '1vRBs5L_bBwZcRAXHWxEcvGA7fMcYhyh2', '1aZU6ykzAMBH3CcaUNxwUpeLpJg03bLCt', '1ZCPa_K6Mf3wTSNqEjrl4x-H2F5R5cQTn', '1VC4O5w_3J5u9_MKOjeNXI6slfZcDncfF', '196oz9I67wzupP75eyD5YR6LSNqw0rmG8', '1rRO5ziTHHI76cgRl9J69phPy_Xl9qivX', '1YPsESY6b1Qd9SZEwgc-CLKrTLs6AD97D', '11JBDyKDbHm-WzcsvJEVxqWXvXbzhWbuA', '1LissVV5u8e0Hoxm81Q5H480HKyc2wGiR', '11GGhwRzL5PoREoEd07qKVIJ0AI4NM30W', '13z7NPN-b69jjGbWVvDntGV51o5YUWdjP', '1xwAR5U01etihwocj0Rx9ZbpydT90xB5R', '1RN0DFbxiNfOmcWx8sOJxMuHSqVJ0mJFM', '1IRA4C2bK7hACGoQPcBrLA_6VWxYF_lQQ', '12-l_NGWqHb5XaXfYGXP3tlYBKd6hRkET', '1K3rX6UAvEthd0O47SscxuGwnl3V1uuPN', '1P4dSPQx1sovU0I6uUALjqBE1QxkcXNjc', '1bBB_Ux1IVVVWIbuhALJh24TwR_jLRaYH', '17qK8u4nzSLqCSNf7uqtwuhLagjEHT_Ba', '1WtLBjRi6dK6dQnkKJjinjBnKfbsh2qhx', '147vuNDQDG3lsXiT_f5gu259reVc5vd8Z', '1jno97ywVimto50WCyFrEMpdZnh1eMXG5', '1VBE2N86QQzGTlRXVLETSdmgS6XfEhsmv', '1Mf_eslWkXpsLe4HjrohJmGcHHdOTNE_m', '1pDbek7mtTYTjJbkB_W7YN1J6vs3FNH87', '1MxPx5LEZDBUpN9J3XAz-RIPs-mhNP8Sg', '1SMvGONF0Hq0RpJ6UKF_0E2QjP1ODgwCV', '1-uYDBr9NIr_UAxnmWWBzKFaDAavjZr5i', '1_CABrXFOIMcAYIvZ9JPJMx7pxpH1AjxF', '13ydjQRrM9W9LisD052CBRbono8Iwvcw1', '1vEs4x09gvMVRp49l5-YxHvyQdAczUeF1', '1_YCC8FS5CL_-QmrAU50s84Vq2JKIDz5V', '15Zs9_tC6NPRrZ3-ykwPi7eQaZXlFKwun', '1zWoCuJvcSgQWyycxH6obY1Dz9DFfMfnm', '1OTnDMbECp30vw2fSxKgB4BXiLiNlgeEP', '1DtFahN---VAh80moPUkKoBf7dm1ZuzsT', '1jbs2cJigk7criW2-0tF0NOki0VgaOOlS', '1ECrE0x9G_zMAD_ett4mMJ-DVhy7pB3EG', '1aq_OWnXxiEniXkv-ZJlXSS_KIchkD15M', '1nPrn8RLF-80Xa7WGoF3LSbyTVx4QkvDI', '1KRvHij6kZcQ69yezeHLrA5HZwBp_RpP-', '1pms4HTdFh5Qq7XLO7vCeyzvb_D7OIj2n', '1v80h-I1Vd_hJCDzP3TGZHVqxkjL61F2l', '1RXhrG6GmceAwGmwOkdzSQQFWG1foN1P0', '1RYDRk6ORZGAKuNSpg5CJAlGJepTYjVbS', '1Vi_5UOVPXfn2shGOUEHw__5ury0Ar0Kv', '1t1dOfFIdb99TWgj9yYtF68q1-HTIs2Yb', '1GHQdR1JrUkb_sVX8uqmmwexnGgNdPiJb', '1yAk7S12k-2y8iTbAZdgFm2Efhvq8p4PM', '1Km5guD-1YKHnoyUraU2MaSchj3JXOi4a', '1qiK0gYPtNb6TD5lBAYeBtRCQSSnlhch0', '1IWfkArRDFNW4BDq6V28A6VIFjY-4r--x', '1gWw_t62M8gcjwHNVZvDdqwRtZ6GUmrRF', '13KyZpcC_fp8LtadQxYncspARLZiDsehQ', '1eAZA2rLBUzLmmmQFv_Ttzh0rZbXZaj4w', '1OdhbI2lOIa9UdfeReBX_JHsuk81z4EHZ', '1jgDR3mSAlszNy04A1JzXXghNwF1t1YSu', '1zDJtxVpo_kALrafUY5xiRh7uVo5dvYn3', '1JRgCOmSmm9bfwJOF9nnhT0xST9bl8VZy', '1CRUKWqxGWppXJ-A0tsxEH5iYqBt67rPO', '1CdYSWQ0YxE_tshmumV4ZWY4DI3ptqsal', '1W8PMcrDJgPeej9bleWhCIwhdqtvRd_-X', '1VYloOLE3Bq-0W2knBkxfKzyWDFkiYNKA', '12fPluaqr98ZrlzBKGs5EB5B_eduy1ztP', '1ESHvLIh7o2qLvnHu5ykiRrFilHdr0Swz']"
Directores y Administración_,1V8fGZ7QWdt1yE4xJlgz7Az-1rAZZ2cdY
Directores  Generales y Administración ,"['162Deh2NswXAW4qWErL3q6YtG58qmvitP', '1aL8lRi5KsHHHqQUlLLylt5bF3mj8nBTM', '1lJN41nCj6Gwv2e_KZBZ-wiMpVvKlyzIO', '1ZczPrKKIXa5aTs3Hz48w2xaC3eSBed5w', '1QihPCX2k0P3hMSgWYL62cILBLTolOg4X', '12aER-cdExOjZ4SdM6bGphhv3rT3tDv6e', '1yz0nzO7CNaiJdVf0mc_joe2wNnDJ4jih', '16wowgmOertkJmDHl9zuN0n8zwjo1Lvbe', '1I0PHWQbENne9M07HnyKyPaqkcmC9rmZi', '1KWXsnUIvf88pPodz6udomz4ozy0I03hV', '10D3PdHlsHRKQLOUok2AaZmwjki6pxR7Z', '1xpYjOS9vINiZzHFz-gT1vmqfRwYqCgjR']"
Administración ,"['1TVHpgFNDDxsiOwlsY-3H_PiYt2dTrx5D', '17NlYBvEB4pxhwYwSwS3hB5xHDALcX7Vc', '1I1gvz3Z3wxyT_p3gPURxxOX5TDQJp9VL', '1MzbDMGww7v425zb5EYw4E039I89hbzHS', '1TJCs59fBTJP6TOI-Xe2uAgpX6OiBw4oo', '1_fvsPoDitkCvZfFuHe7XGkCEKhRrd718', '1pn6NlUVNcsPDUbjNclXb7vYToK-3GLL9', '1OTDE2Xo_r0ecMXJNOhzueF-bns9t9C4X', '1mgzc5QFaYF3y4lGHS7Ftyiztg-VQGVho', '1B3Q-msr8WLWvq6UzH8ycNIl2-0nCWjCT']"
Directores Generales y Administración ,"['1RBoyg6FSo-2ArpFrHtJ41c0zJkcpxqpf', '1oSR6NMPBypAGOk8jrUWXK3N64aGDQGpy', '1wbleVK7IMzElyNqL-pXam12NMAy2bf79', '1PLjIp4bp7lV7EgbCumSNikZ3OXdcmdmN', '1Td8TVuia_uWW_ydi40q7mb3M02ylJmV0', '1H_0td_fFT8FoLZTGCA3zCqELIvOFvWiU', '1hbcfMm43xGtTGGhQrvT0HY6WqodTDvXH', '1UuyhuBqQ4eS_6oCNGcEYmfoU5lanrbCA']"
Directores y Administración ,"['1gWDaHv-7eNKGJXxMcmnWbD0euOlWnb-Z', '15xHae0I2NqGWaP926IzCAevAmwpguu8B', '1csPOVC3hzRKnaU251F5QxOqZBeQiQfIW', '12ck409TgquqX6bLBforNR0Nzq_2aL_yV', '1FpanKsIiDyX-DdOxW_VBa-icxJEBCeiq']"
Directores y Administrción,1MUwTnL7DjdORAa4TmxyMOS0gqauxUtV5
Administraciòn,"['1oWCm7jYXi1qapknIUgzOYqHSexOsQtOj', '1nqgFSMV4CfzRrDNf7oJ1LOm6TUaEhixa', '1ifcr_W4r4K4tuNf_J8ugeQA3pg-Uq8gx', '1iu61MiPvbUV1jr_pyO2jMFJsQ-WmsCVz', '1_pM0kW7QQiABh7ZvCHlHKFQpZtBuAUgJ', '1Uttjn58mSNQn1mR2W5fhZBAfzfQLvY_0', '1SS1B9g-GmnrtjhJLRnXcKaF4bpqYnqRZ', '1ag-ksXItCQHqq0dx_3JXVI_LwIL5uMGU', '1XiCj1YZslrpFM-HMroeGRmcXwaspso8y', '1by9ucGOE4NXqURVbVJOKNREubqhScyUR', '19GdzMUNlYgvBCTr2kxQs8fyo9ZpLPHOC']"
Documentos creación tercero,1furCBUs-9-6fE7kY_7BDep-zsKyDCqms
Documentos social y ambiental,1wYpRlvSolFAclCFhjZW9u0Ks5Q5L44-m
Directores y Administraciòn,"['1SSqIBT5bmR-TkyIt4_2XpytsRHYg_CLQ', '1wGB9s1kqixzuyMfOj2l6RLe3psgE_eG4', '1q0fTfHIfCfeEQ5MIsGgASbTnmvpepChF', '1iy_fmALGB1hNriADXFZkrI_5tchqqd3e']"
ADMINISTRACIÓN,1SKNsl30yrbfYAa9MFu9RVHTe4KW4AChA
Certificados,1MOsAD_I2Zf0OvdsnJnRQBshUFgAYvOly
DIRECTORES Y ADMINISTRACIÓN,"['1dmoPEdyt7JM7wqJ3I6fV0CGS7qu59z_V', '1ZYAwbOBVXx9SJGUsZcRIy4osZRYjljL5', '1SHrjLnBw7nEdMs8Hsyxhh1lu9bXNbiJM', '1_OGdLaDTnLoG9vZBzM_1kRHEkw_SORLU', '1TDKDyEhHFDxJ9IlZplsgvOWqssl3jBuJ']"
Directores Y Administración,1oFG9d36tlK79NCe0PM7LLQZOL6CTgVPd
Directores y Administrativa,1GxtF-yWZ5F9Eidco0pWiqiLtpNQEFrQl
Directores y Admibistración,1XFT7kubxispWfqUybdAiYlB_9H0BSdbM
Directores y Direción Administrativa ,19RiwFNdcmPMnTYnVPRBwV8M3yNTekyez
Directores y Direción Administrativa,['1QJuO5_TttWCcF79y1K5BX3dX5B0w5ZLE']
Directores y Dirección Administrativa ,"['1V4I2ym05SCykdfpD0zyZewfHdx19Yien', '1cFhzXeO8z-0M5hUrHvvKMkM_HemxZjpC']"
Directores y Dirección Adminiostrativa,1-IqztqqSo8uiy-iPNbRkq6o6iykSYG9U
